A-07323-97014, 40.76149276, -73.98143112
A-07333-99643, 37.665978, -77.5063739
A-07345-03565, 42.6525793, -73.7562317
A-07354-06926, 42.7284117, -73.6917851
A-08004-10147, 26.2378597, -80.1247667
A-08004-10184, 39.7459467, -75.5465889
A-08010-11785, 40.65009286, -73.94956366
A-08057-27232, 38.9806658, -77.100256
A-08058-28001, 40.76149276, -73.98143112
A-08076-33611, 40.898988, -74.0926418
A-08085-36053, 33.7489954, -84.3879824
A-08104-41821, 38.9392779, -76.9338631
A-08120-47187, 40.7048242, -73.6501295
A-08127-49255, 40.3334409, -74.6004341
A-08162-60225, 40.8823215, -74.0831971
A-08164-61023, 41.5736457, -87.6464346
A-08176-64095, 32.7830556, -96.8066667
A-08182-66284, 40.76149276, -73.98143112
A-08190-68131, 30.3321838, -81.655651
A-08190-68200, 40.4862158, -74.4518188
A-08271-91261, 38.2542376, -85.759407
A-08200-71216, 42.1711365, -87.8445119
A-08203-71676, 41.5874644, -109.2029043
A-08211-73870, 40.65009286, -73.94956366
A-08211-74089, 40.76149276, -73.98143112
A-08212-74295, 39.7589478, -84.1916069
A-08221-77017, 40.58328072, -74.14981238
A-08221-77195, 33.4101161, -91.0617735
A-08224-77312, 42.194543, -71.1994976
A-08225-77723, 28.6988853, -81.3081226
A-08227-78536, 40.9503764, -73.827356
A-08238-81419, 37.7590318, -77.4799837
A-08238-81533, 32.7830556, -96.8066667
A-08240-82338, 40.8153761, -73.112333
A-08241-82750, 40.806767, -74.1854226
A-08247-83629, 40.3764975, -74.2443117
A-08254-85569, 38.9981653, -77.2883157
A-08255-86138, 37.3229978, -122.0321823
A-08260-88111, 40.8312096, -73.029552
A-08264-89308, 36.420403, -81.4734376
A-08267-89752, 44.9088588, -107.1634106
A-08267-89878, 33.565038, -117.727116
A-08270-91040, 34.2257256, -77.9447102
A-08276-92533, 39.0997266, -94.5785667
A-08276-92560, 40.701213, -74.2301459
A-08280-93353, 40.8006567, -73.7284647
A-08280-93404, 34.2257256, -77.9447102
A-08280-93430, 33.8981579, -84.2832564
A-08284-94914, 41.372316, -73.733465
A-08284-95050, 41.6062078, -73.1181658
A-08288-95794, 37.3229978, -122.0321823
A-08288-95916, 32.7558962, -111.554844
A-08291-96775, 43.0116784, -88.2314813
A-08291-96847, 37.3229978, -122.0321823
A-08291-97042, 43.0116784, -88.2314813
A-06353-92851, 32.8140177, -96.9488945
A-07165-46663, 40.4992714, -74.3990392
A-07213-62416, 40.2903891, -74.0176381
A-07237-69481, 38.3459585, -76.5716238
A-07239-69694, 32.7830556, -96.8066667
A-07257-75661, 40.76149276, -73.98143112
A-07270-79789, 40.76149276, -73.98143112
A-07299-89765, 40.8153761, -73.112333
A-07311-93198, 37.4418834, -122.1430195
A-08296-98212, 40.76149276, -73.98143112
A-08298-99062, 37.5629917, -122.3255254
A-08301-99632, 42.8864468, -78.8783689
A-08305-01526, 31.5088073, -82.8498654
A-08310-02671, 39.1156615, -77.5636015
A-08318-05127, 37.7749295, -122.4194155
A-08318-05168, 30.267153, -97.7430608
A-08319-05713, 37.3229978, -122.0321823
A-08319-05779, 45.140245, -89.1523353
A-08319-05869, 47.6739882, -122.121512
A-08322-06232, 38.0293059, -78.4766781
A-08323-06892, 32.8140177, -96.9488945
A-08325-07733, 39.6172101, -104.9508141
A-08326-08188, 26.4186898, -81.4172993
A-08330-08993, 43.6480127, -93.3682656
A-08331-09735, 41.4553232, -81.9179174
A-08331-09808, 33.565038, -117.727116
A-08336-10229, 40.76149276, -73.98143112
A-08339-11458, 41.0335083, -74.63848877
A-08343-12017, 33.7489954, -84.3879824
A-08344-12339, 40.65009286, -73.94956366
A-08344-12366, 32.0835407, -81.0998342
A-08347-13759, 40.76149276, -73.98143112
A-08351-14351, 42.8864468, -78.8783689
A-08352-14847, 39.1626084, -76.6246886
A-08353-15254, 39.1573304, -76.6966356
A-08353-15262, 40.976209, -74.0262505
A-08353-15371, 27.7903032, -97.6688843
A-08353-15426, 32.3512601, -95.3010624
A-08354-15600, 32.3512601, -95.3010624
A-08354-15603, 33.9562149, -83.9879625
A-08359-16750, 37.7799273, -121.9780153
A-08364-16848, 41.1670412, -73.2048348
A-08364-16914, 34.1014873, -84.5193754
A-08366-17436, 32.8140177, -96.9488945
A-09006-18173, 41.1073184, -73.7959667
A-09007-18575, 42.1514146, -87.959794
A-09008-19044, 34.0522342, -118.2436849
A-09008-19148, 34.0686208, -117.9389526
A-09009-19507, 40.7439906, -74.0323626
A-09012-19875, 32.7830556, -96.8066667
A-09012-19921, 39.0839973, -77.1527578
A-09013-20308, 32.7830556, -96.8066667
A-09014-20804, 32.7830556, -96.8066667
A-09016-21356, 31.3445471, -109.5453447
A-09016-21364, 47.6739882, -122.121512
A-09016-21425, 40.8853773, -73.9523597
A-09016-21537, 47.6739882, -122.121512
A-09020-22022, 35.79154, -78.7811169
A-09021-22363, 34.5400242, -112.4685025
A-09021-22406, 34.5400242, -112.4685025
A-09022-22801, 40.7442664, -73.4820687
A-09028-24162, 41.0534302, -73.5387341
A-09028-24306, 41.1107771, -112.0260538
A-09030-24767, 32.7965165, -96.5608242
A-09030-24939, 37.7749295, -122.4194155
A-09034-25500, 41.0534302, -73.5387341
A-09035-25632, 37.5958333, -122.0191667
A-09035-25841, 39.9167783, -75.387693
A-09037-26289, 41.0409305, -73.7145746
A-09041-26827, 33.5206608, -86.80249
A-09042-27184, 39.2673284, -76.7983067
A-09042-27253, 32.7830556, -96.8066667
A-09043-27667, 40.76149276, -73.98143112
A-09047-28070, 38.8159473, -76.7496909
A-09047-28120, 38.8159473, -76.7496909
A-09051-29262, 42.2223218, -70.999492
A-09054-29578, 39.4142688, -77.4105409
A-09056-30001, 39.3176158, -74.594601
A-09058-30615, 40.76149276, -73.98143112
A-09063-31668, 33.8883487, -118.3089624
A-09063-31791, 29.7857853, -95.8243956
A-09064-31823, 34.0483474, -117.2611527
A-09064-32082, 40.9312099, -73.8987469
A-09066-32390, 37.3393857, -121.8949555
A-09068-32685, 37.354108, -121.9552356
A-09072-33587, 37.7749295, -122.4194155
A-09072-33693, 32.7830556, -96.8066667
A-09075-33825, 39.2903848, -76.6121893
A-09076-34255, 32.7153292, -117.1572551
A-09077-34342, 44.6688524, -90.1717987
A-09082-35210, 35.4715076, -97.54021069
A-09089-36357, 38.9342776, -77.1774801
A-09092-37032, 39.7459467, -75.5465889
A-09092-37186, 37.3393857, -121.8949555
A-09093-37250, 39.2903848, -76.6121893
A-09093-37410, 40.3162195, -74.5137645
A-09096-37657, 43.4799291, -110.7624282
A-09097-37911, 40.4406248, -79.9958864
A-09098-38279, 29.9035387, -90.0772944
A-09099-38442, 42.0411414, -87.6900587
A-09099-38487, 40.7692649, -73.1151118
A-09100-38691, 42.0028761, -71.5147839
A-09100-38758, 40.6320482, -73.7126314
A-09100-38836, 37.3393857, -121.8949555
A-09103-39074, 40.4504409, -74.479996
A-09105-39507, 39.0017772, -76.6874671
A-09105-39567, 38.8951118, -77.0363658
A-09106-39960, 38.9342776, -77.1774801
A-09106-40012, 37.3393857, -121.8949555
A-09113-41123, 33.8981579, -84.2832564
A-09113-41258, 33.9412127, -84.2135309
A-09114-41589, 38.9342776, -77.1774801
A-09118-41997, 37.5537575, -77.4602617
A-09118-42113, 41.0131529, -74.2643143
A-09119-42349, 34.0522342, -118.2436849
A-09120-42475, 36.1749705, -115.137223
A-09120-42541, 38.2542376, -85.759407
A-09120-42560, 41.2009294, -73.3806748
A-09120-42664, 32.7830556, -96.8066667
A-09121-42750, 40.76149276, -73.98143112
A-09121-42832, 38.2542376, -85.759407
A-09125-43302, 38.9784453, -76.4921829
A-09126-43639, 40.3487181, -74.6590472
A-09126-43697, 37.5482697, -121.9885719
A-09127-43815, 35.9940329, -78.898619
A-09127-43868, 42.6525793, -73.7562317
A-09128-44064, 45.5234515, -122.6762071
A-09132-44724, 34.0194543, -118.4911912
A-09133-44759, 36.8468146, -76.2852183
A-09134-45101, 44.519159, -88.019826
A-09138-45536, 41.0064864, -73.9490258
A-09139-45734, 40.8256537, -73.2026138
A-09139-45805, 37.3393857, -121.8949555
A-09139-45864, 31.5785074, -84.155741
A-09140-46024, 42.3702996, -87.9020186
A-09140-46083, 37.6624312, -121.8746789
A-09140-46119, 37.7749295, -122.4194155
A-09140-46123, 33.9400143, -118.1325688
A-09140-46241, 30.3935337, -86.4957834
A-09141-46260, 41.0359353, -71.9545146
A-09141-46437, 40.65009286, -73.94956366
A-09142-46484, 30.4382559, -84.2807329
A-09142-46567, 37.3688301, -122.0363496
A-09143-46679, 40.76149276, -73.98143112
A-09146-46827, 39.2903848, -76.6121893
A-09146-46927, 40.7764882, -73.4673455
A-09146-46936, 34.0028787, -84.1446376
A-09147-47018, 29.7632836, -95.3632715
A-09147-47036, 42.0664167, -87.9372908
A-09147-47170, 29.7632836, -95.3632715
A-09148-47246, 34.0736204, -118.4003563
A-09148-47467, 29.7632836, -95.3632715
A-09149-47730, 47.8209301, -122.3151313
A-09152-47853, 42.0775906, -73.9529126
A-09153-48061, 40.787878, -74.3882072
A-09153-48176, 41.4825947, -73.4095652
A-09155-48567, 37.3229978, -122.0321823
A-09155-48573, 38.2542376, -85.759407
A-09155-48647, 42.3180919, -84.0205029
A-09156-48769, 40.65009286, -73.94956366
A-11181-89692, 41.5839824, -73.8087442
A-09156-48808, 41.850033, -87.6500523
A-09156-48863, 42.0986867, -75.9179738
A-09160-49202, 32.7830556, -96.8066667
A-09160-49285, 41.850033, -87.6500523
A-09160-49295, 34.0514898, -84.0712997
A-09162-49723, 41.0467635, -74.0229173
A-09162-49890, 41.5034271, -74.0104179
A-09163-49954, 39.0992752, -76.8483061
A-09166-50131, 38.7509488, -77.4752667
A-09166-50178, 41.1175966, -73.4078968
A-09166-50179, 42.3584308, -71.0597732
A-09166-50219, 41.0409305, -73.7145746
A-09167-50353, 41.2900939, -73.9204158
A-09167-50459, 45.5944091, -94.3630526
A-09167-50549, 37.354108, -121.9552356
A-09169-50871, 27.9475216, -82.4584279
A-09169-50921, 40.9167654, -74.171811
A-09169-50952, 40.9634335, -72.184801
A-09170-51208, 29.7632836, -95.3632715
A-09170-51214, 37.4282724, -121.9066238
A-09170-51233, 38.5925532, -90.5870686
A-09170-51235, 30.267153, -97.7430608
A-09170-51245, 42.2528772, -71.0022705
A-09171-51272, 40.0892746, -75.3960211
A-09171-51277, 34.0522342, -118.2436849
A-09173-51505, 33.7489954, -84.3879824
A-09174-51630, 40.7281575, -74.0776417
A-09174-51797, 40.76149276, -73.98143112
A-09175-51903, 39.9611755, -82.9987942
A-09175-51927, 40.8767648, -73.3245614
A-09176-52108, 41.1175966, -73.4078968
A-09176-52331, 37.1305012, -121.6543901
A-09180-52587, 40.9253766, -73.9629154
A-09180-52610, 38.7134516, -77.7952712
A-09180-52614, 32.8406946, -83.6324022
A-09180-52815, 34.0522342, -118.2436849
A-09180-52835, 33.6469661, -117.689218
A-09181-53025, 34.0555693, -117.1825381
A-09181-53136, 34.033625, -117.0430865
A-09182-53328, 34.7889792, -86.5719369
A-09183-53455, 44.8896866, -93.3499489
A-09183-53463, 42.331427, -83.0457538
A-09184-53605, 29.7632836, -95.3632715
A-09184-53613, 41.850033, -87.6500523
A-09187-53703, 39.0992752, -76.8483061
A-09188-53898, 41.2367613, -73.6945751
A-09189-54057, 40.5187154, -74.4120953
A-09189-54155, 41.6611277, -91.5301683
A-09190-54262, 37.7749295, -122.4194155
A-09190-54270, 37.7749295, -122.4194155
A-09190-54323, 41.8239891, -71.4128343
A-09191-54617, 42.0039178, -87.9703461
A-09194-54698, 33.0198431, -96.6988856
A-09194-54798, 39.8783971, -82.8837888
A-09195-54975, 37.3229978, -122.0321823
A-09195-55024, 41.850033, -87.6500523
A-09196-55323, 32.7153292, -117.1572551
A-09197-55522, 30.267153, -97.7430608
A-09198-55624, 25.7742658, -80.1936589
A-09201-55906, 40.735657, -74.1723667
A-09202-56164, 40.3487181, -74.6590472
A-09204-56649, 40.76149276, -73.98143112
A-09204-56726, 43.1978624, -70.8736698
A-09205-56793, 40.76149276, -73.98143112
A-09208-56970, 38.882334, -77.1710914
A-09208-57110, 39.9205411, -105.0866504
A-09209-57234, 40.735657, -74.1723667
A-09209-57326, 41.1175966, -73.4078968
A-09209-57380, 32.7153292, -117.1572551
A-09210-57449, 38.8951118, -77.0363658
A-09210-57499, 25.7742658, -80.1936589
A-09210-57532, 40.8528777, -74.0420848
A-09211-57711, 38.8951118, -77.0363658
A-09212-57852, 40.76149276, -73.98143112
A-09212-57903, 40.3162195, -74.5137645
A-09214-58032, 38.9592201, -85.8902547
A-09215-58207, 40.8923212, -74.4773775
A-09216-58439, 40.76149276, -73.98143112
A-09217-58500, 29.7632836, -95.3632715
A-09217-58586, 40.6012136, -74.5590452
A-09217-58619, 40.76149276, -73.98143112
A-09218-58640, 33.6680772, -117.3272615
A-09222-59193, 41.4294753, -88.2286735
A-09224-59553, 41.850033, -87.6500523
A-09225-59762, 32.7153292, -117.1572551
A-09226-59937, 41.0534302, -73.5387341
A-09226-59979, 33.3042835, -96.986118
A-09229-60210, 38.8951118, -77.0363658
A-09229-60259, 42.7794417, -96.9292104
A-09230-60314, 41.850033, -87.6500523
A-09230-60326, 42.3714253, -83.4702132
A-09231-60483, 39.9537291, -74.1979192
A-09232-60696, 39.7931577, -76.7302495
A-09232-60713, 38.9695545, -77.3860976
A-09232-60786, 33.8981579, -84.2832564
A-09236-61059, 41.850033, -87.6500523
A-09236-61092, 41.0375969, -74.0406956
A-09238-61568, 38.9806658, -77.100256
A-09238-61706, 33.8314058, -118.2820165
A-09238-61724, 37.5629917, -122.3255254
A-09239-61829, 46.5435442, -87.395417
A-09240-61959, 40.76149276, -73.98143112
A-09240-61960, 32.7830556, -96.8066667
A-09243-62157, 41.0050977, -73.7845768
A-09243-62190, 32.7830556, -96.8066667
A-09243-62276, 34.1458389, -118.8056474
A-09244-62379, 42.331427, -83.0457538
A-09244-62500, 35.2270869, -80.8431268
A-09245-62600, 33.7489954, -84.3879824
A-09245-62740, 38.8951118, -77.0363658
A-09246-62826, 27.9094665, -82.7873244
A-09246-62837, 40.6259316, -75.3704579
A-09246-62902, 30.1579935, -95.4893845
A-09247-63070, 47.6062095, -122.3320708
A-09247-63113, 41.0375969, -74.0406956
A-09251-63392, 37.5482697, -121.9885719
A-09252-63596, 40.76149276, -73.98143112
A-09253-63726, 41.1328736, -73.7926335
A-09253-63867, 34.2694474, -118.781482
A-09254-63953, 33.9412127, -84.2135309
A-09257-64174, 36.1749705, -115.137223
A-09257-64180, 29.4241219, -98.4936282
A-09257-64237, 29.7632836, -95.3632715
A-09258-64339, 40.76149276, -73.98143112
A-09258-64516, 33.8675143, -117.9981181
A-09260-64753, 41.850033, -87.6500523
A-09260-64970, 42.4733689, -83.2218731
A-09265-65534, 26.0031465, -80.223937
A-09266-65623, 38.5950533, -90.5462339
A-09266-65630, 25.9087056, -80.3086619
A-09268-66039, 40.8928771, -73.9726381
A-09268-66053, 39.1434406, -77.2013705
A-09268-66059, 45.5234515, -122.6762071
A-09268-66090, 30.9299052, -88.0272209
A-09268-66151, 42.2708716, -83.7263294
A-09270-66236, 41.850033, -87.6500523
A-09271-66306, 38.4220694, -77.4083162
A-09271-66406, 35.772096, -78.6386145
A-09272-66521, 38.4220694, -77.4083162
A-09272-66530, 32.8579056, -97.2547371
A-09272-66531, 40.76149276, -73.98143112
A-09272-66603, 30.5082551, -97.678896
A-09272-66645, 32.8140177, -96.9488945
A-09272-66667, 32.7830556, -96.8066667
A-09273-66936, 41.4297341, -97.3683753
A-09273-67004, 42.8142432, -73.9395687
A-09273-67026, 39.952335, -75.163789
A-09274-67071, 41.850033, -87.6500523
A-09274-67245, 40.4992714, -74.3990392
A-09274-67251, 40.735657, -74.1723667
A-09275-67388, 40.8531553, -74.1137537
A-09275-67418, 38.8462236, -77.3063733
A-09278-67559, 41.1628731, -73.8615246
A-09279-67850, 29.7632836, -95.3632715
A-09279-67895, 38.9822282, -94.6707917
A-09280-68031, 40.5187154, -74.4120953
A-09280-68047, 38.7934466, -77.2716505
A-09281-68212, 34.8282235, -78.0230417
A-09281-68294, 34.0522342, -118.2436849
A-09281-68318, 40.5187154, -74.4120953
A-09282-68351, 37.354108, -121.9552356
A-09282-68446, 38.8462236, -77.3063733
A-09285-68552, 42.325578, -87.8411818
A-09287-68884, 25.72149, -80.2683838
A-09287-68968, 40.7706562, -74.2326463
A-09287-68974, 38.8462236, -77.3063733
A-09287-69046, 42.6055893, -83.1499304
A-09288-69216, 38.8462236, -77.3063733
A-09291-69464, 42.375097, -71.1056079
A-09293-69870, 41.5519954, -81.4784522
A-09294-69982, 38.0293059, -78.4766781
A-09295-70276, 42.4473175, -71.2245003
A-09296-70361, 40.3487181, -74.6590472
A-09299-70577, 38.8403909, -77.4288769
A-09299-70683, 38.8048356, -77.0469214
A-09300-70767, 39.2403841, -76.8394184
A-09300-70898, 39.0992752, -76.8483061
A-09300-70960, 35.9606384, -83.9207392
A-09301-71150, 38.9806658, -77.100256
A-09301-71158, 39.9167783, -75.387693
A-09302-71244, 37.5482697, -121.9885719
A-09302-71259, 40.76149276, -73.98143112
A-09302-71340, 40.76149276, -73.98143112
A-09303-71365, 40.76149276, -73.98143112
A-09307-71902, 38.0171441, -122.2885808
A-09308-71985, 34.0753762, -84.2940899
A-09309-72267, 39.1434406, -77.2013705
A-09309-72321, 42.4733689, -83.2218731
A-09313-72715, 42.4733689, -83.2218731
A-09313-72721, 36.1658899, -86.7844432
A-09314-72800, 37.354108, -121.9552356
A-09314-72955, 38.5815719, -121.4943996
A-09315-73041, 42.3584308, -71.0597732
A-09315-73045, 45.0060767, -93.1566107
A-09315-73103, 40.8570442, -74.0215285
A-09316-73359, 39.2903848, -76.6121893
A-09318-73598, 18.4663338, -66.1057217
A-09320-73644, 40.76149276, -73.98143112
A-09320-73827, 40.76149276, -73.98143112
A-09320-73831, 45.4206749, -122.6706498
A-09321-73867, 29.7632836, -95.3632715
A-09321-73878, 27.5158689, -97.856109
A-09321-73884, 29.7632836, -95.3632715
A-09321-73916, 36.9787588, -76.428003
A-09321-74014, 37.5482697, -121.9885719
A-09322-74099, 40.4406248, -79.9958864
A-09322-74133, 40.9312099, -73.8987469
A-09322-74146, 37.3860517, -122.0838511
A-11236-01746, 33.0015407, -82.4112377
A-09324-74527, 40.76149276, -73.98143112
A-09327-74846, 36.3728538, -94.2088172
A-09327-74868, 41.8525984, -72.6437022
A-09328-74993, 47.610377, -122.2006786
A-09329-75095, 39.2903848, -76.6121893
A-09329-75115, 39.2903848, -76.6121893
A-09329-75120, 40.6584358, -74.2995923
A-09329-75157, 40.8428759, -73.2928943
A-09329-75180, 42.6875323, -83.2341028
A-09334-75280, 40.9278769, -73.7517983
A-09334-75318, 32.7153292, -117.1572551
A-09334-75367, 39.977763, -105.1319296
A-09335-75528, 32.7830556, -96.8066667
A-09336-75821, 30.3879845, -96.0877349
A-09336-75822, 40.3334409, -74.6004341
A-09336-75837, 38.8462236, -77.3063733
A-09336-75844, 35.9940329, -78.898619
A-09336-75913, 37.3688301, -122.0363496
A-09337-75975, 29.7632836, -95.3632715
A-09337-76018, 44.5235792, -89.574563
A-09337-76021, 40.65009286, -73.94956366
A-09337-76056, 39.7047095, -105.0813734
A-09337-76066, 40.4976041, -74.4884868
A-09337-76132, 37.3688301, -122.0363496
A-09338-76142, 40.4976041, -74.4884868
A-09338-76223, 37.2871651, -121.9499568
A-09338-76254, 42.3222599, -83.1763145
A-09338-76272, 40.76149276, -73.98143112
A-09338-76291, 40.65009286, -73.94956366
A-09338-76312, 41.9550296, -87.9400657
A-09338-76334, 38.0193657, -122.1341321
A-09341-76372, 41.1414855, -73.3578955
A-09341-76431, 39.3600586, -84.309939
A-09341-76451, 40.76149276, -73.98143112
A-09341-76496, 38.8942786, -77.4310992
A-09341-76567, 37.3688301, -122.0363496
A-09341-76580, 37.3688301, -122.0363496
A-09341-76589, 29.7632836, -95.3632715
A-09343-76951, 37.3688301, -122.0363496
A-09343-76973, 47.610377, -122.2006786
A-09343-76993, 41.1175966, -73.4078968
A-09343-76997, 38.8942786, -77.4310992
A-10052-87197, 35.6567797, -97.50187849
A-09344-77197, 32.7153292, -117.1572551
A-09345-77213, 40.4976041, -74.4884868
A-09345-77289, 40.5753817, -74.3223703
A-09348-77520, 38.8942786, -77.4310992
A-09348-77580, 41.0534302, -73.5387341
A-09348-77585, 39.0398314, -77.0552555
A-09349-77791, 40.76149276, -73.98143112
A-09349-77820, 37.5482697, -121.9885719
A-09350-77845, 25.7742658, -80.1936589
A-09350-77910, 32.9537349, -96.8902816
A-09350-77924, 39.530946, -75.8074367
A-09350-77991, 32.9537349, -96.8902816
A-09351-78255, 33.7669623, -118.1892348
A-09352-78325, 41.6628119, -87.6606037
A-09352-78374, 33.8358492, -118.3406288
A-09352-78482, 33.728354, -117.1464209
A-09355-78510, 38.704282, -77.2277604
A-09355-78580, 38.97171205, -76.74855206
A-09355-78653, 34.0522342, -118.2436849
A-09356-78904, 38.704282, -77.2277604
A-09357-78910, 38.8462236, -77.3063733
A-09357-78968, 42.0883603, -87.9806265
A-09357-79057, 29.7632836, -95.3632715
A-09357-79128, 41.1175966, -73.4078968
A-09358-79160, 34.1072305, -118.0578456
A-09361-79220, 41.7759324, -72.5214755
A-09362-79284, 26.5253491, -80.0664309
A-09362-79345, 41.0887073, -74.013473
A-09362-79402, 40.76149276, -73.98143112
A-09363-79427, 32.8140177, -96.9488945
A-09364-79633, 40.76149276, -73.98143112
A-09364-79687, 33.5206608, -86.80249
A-09364-79741, 39.4562099, -77.9638869
A-10006-80421, 40.7692649, -73.1151118
A-10006-80468, 39.1434406, -77.2013705
A-10007-80591, 39.0031656, -76.97192
A-10008-80909, 44.97413, -93.5066217
A-10008-80935, 41.0584299, -74.0984756
A-10008-80942, 38.9822282, -94.6707917
A-10010-80988, 33.039291, -85.0313269
A-10011-81225, 29.4241219, -98.4936282
A-10012-81324, 25.9873137, -80.2322706
A-10015-82063, 33.8358492, -118.3406288
A-10019-82330, 39.3642834, -74.4229266
A-10019-82334, 36.3107004, -78.5908345
A-10019-82362, 41.7620447, -72.7420399
A-10019-82374, 25.9017472, -97.4974838
A-10019-82439, 25.9873137, -80.2322706
A-10020-82543, 40.58328072, -74.14981238
A-10022-83144, 37.7799273, -121.9780153
A-10026-83430, 40.65009286, -73.94956366
A-10026-83458, 40.8509333, -73.9701382
A-10032-84400, 32.7830556, -96.8066667
A-10034-84930, 37.7749295, -122.4194155
A-10035-85031, 40.76149276, -73.98143112
A-10035-85064, 40.7556561, -73.5876273
A-10036-85322, 34.2783352, -119.2931676
A-10040-85691, 25.8406526, -80.3264404
A-10041-85982, 40.8206555, -74.2937595
A-10043-86241, 41.850033, -87.6500523
A-10046-86438, 40.8859326, -74.0434736
A-10048-86677, 39.0839973, -77.1527578
A-10050-87100, 37.5482697, -121.9885719
A-10053-87265, 40.7895453, -74.0565298
A-10055-87662, 42.4792618, -71.1522766
A-10055-87759, 40.76149276, -73.98143112
A-10060-88301, 33.7458511, -117.826166
A-10060-88303, 33.7489954, -84.3879824
A-10061-88367, 33.7489954, -84.3879824
A-10061-88412, 33.7489954, -84.3879824
A-10159-02552, 37.3688301, -122.0363496
A-10061-88444, 33.8583484, -118.0647871
A-10061-88525, 37.7799273, -121.9780153
A-10061-88538, 37.3393857, -121.8949555
A-10062-88700, 43.6807403, -114.3636619
A-10062-88716, 43.6807403, -114.3636619
A-10063-88833, 34.7464809, -92.2895948
A-10063-88913, 33.3061605, -111.8412502
A-10063-88940, 33.3061605, -111.8412502
A-10064-89085, 33.5206608, -86.80249
A-10067-89347, 35.0073697, -80.9450759
A-10067-89413, 33.0145673, -97.0969552
A-10068-89423, 33.6411316, -117.9186689
A-10068-89483, 33.1731716, -86.2516406
A-10068-89487, 38.8951118, -77.0363658
A-10069-89740, 40.76149276, -73.98143112
A-10069-89834, 41.150651, -73.9454159
A-10069-89851, 39.2903848, -76.6121893
A-10069-89893, 33.5092103, -111.8990327
A-10071-90195, 40.7281575, -74.0776417
A-10071-90221, 38.8462236, -77.3063733
A-10071-90251, 39.6477653, -104.9877597
A-10074-90310, 38.5676202, -77.3280382
A-10076-90737, 40.4086802, -80.0833885
A-10077-90963, 39.6837226, -75.7496572
A-10078-90988, 36.8639735, -101.2372785
A-10078-91101, 33.7489954, -84.3879824
A-10081-91257, 40.9114882, -73.7823549
A-10081-91259, 40.7442664, -73.4820687
A-10081-91370, 42.263079, -88.0039653
A-10082-91423, 40.4406248, -79.9958864
A-10082-91470, 40.76149276, -73.98143112
A-10083-91611, 34.0286226, -117.8103367
A-10083-91719, 40.76149276, -73.98143112
A-10085-92000, 39.5296329, -119.8138027
A-10087-92250, 38.8159473, -76.7496909
A-10088-92352, 29.6196787, -95.6349463
A-10088-92395, 35.9940329, -78.898619
A-10088-92401, 38.4220694, -77.4083162
A-10089-92490, 40.65009286, -73.94956366
A-10090-92816, 40.65009286, -73.94956366
A-10091-92953, 29.7632836, -95.3632715
A-10091-93026, 37.5482697, -121.9885719
A-10091-93030, 37.5482697, -121.9885719
A-10091-93033, 37.5482697, -121.9885719
A-10091-93035, 37.5482697, -121.9885719
A-10095-93274, 41.2709274, -73.7776336
A-10095-93336, 37.354108, -121.9552356
A-10097-93610, 39.8917732, -75.9216133
A-10097-93787, 44.7538408, -108.7573524
A-10098-93816, 40.735657, -74.1723667
A-10099-94077, 41.5874644, -109.2029043
A-10104-94557, 33.7669623, -118.1892348
A-10104-94567, 43.0528506, -74.3437467
A-10104-94683, 37.3688301, -122.0363496
A-10109-95233, 34.1477849, -118.1445155
A-10111-95582, 25.7742658, -80.1936589
A-10113-95947, 37.3393857, -121.8949555
A-10116-96235, 40.76149276, -73.98143112
A-10117-96318, 40.7895453, -74.0565298
A-10117-96364, 42.4853125, -83.3771553
A-10117-96467, 34.0522342, -118.2436849
A-10119-96700, 40.76149276, -73.98143112
A-10120-96892, 38.8159473, -76.7496909
A-10120-96895, 38.8159473, -76.7496909
A-10161-02838, 38.8942786, -77.4310992
A-10120-96899, 38.8159473, -76.7496909
A-10125-97562, 26.3017374, -98.1633433
A-10127-97899, 40.8206555, -74.2937595
A-10127-97954, 39.5359406, -76.3482931
A-10130-98232, 40.7062122, -74.5493233
A-10131-98348, 39.2903848, -76.6121893
A-10131-98455, 40.5792701, -74.4115401
A-10132-98761, 30.267153, -97.7430608
A-10132-98813, 33.0203211, -117.202813
A-10139-99894, 33.3528264, -111.789027
A-10140-99936, 37.252617, -81.2712105
A-10144-00478, 34.1477849, -118.1445155
A-10147-00911, 42.1514146, -87.959794
A-10148-01127, 40.8928771, -73.9726381
A-10148-01168, 33.7489954, -84.3879824
A-10148-01277, 37.354108, -121.9552356
A-10152-01478, 32.7830556, -96.8066667
A-10154-01821, 35.772096, -78.6386145
A-10155-02053, 33.5016932, -117.6625509
A-10158-02164, 35.772096, -78.6386145
A-10158-02198, 40.4842027, -88.9936873
A-10158-02227, 41.850033, -87.6500523
A-10158-02259, 40.7281575, -74.0776417
A-10159-02483, 30.5043583, -90.4611995
A-10161-02907, 40.3487181, -74.6590472
A-10161-02963, 33.9412127, -84.2135309
A-10162-03028, 34.6779399, -76.9507762
A-10162-03109, 34.0522342, -118.2436849
A-10162-03139, 40.76149276, -73.98143112
A-10166-03469, 34.0736204, -118.4003563
A-10166-03588, 37.5537575, -77.4602617
A-10168-03938, 40.65009286, -73.94956366
A-10168-04102, 33.7669623, -118.1892348
A-10172-04616, 33.7455731, -117.8678338
A-10173-04822, 37.3393857, -121.8949555
A-10173-04829, 38.8159473, -76.7496909
A-10173-04852, 38.8159473, -76.7496909
A-10173-04854, 38.8159473, -76.7496909
A-10173-04856, 38.8159473, -76.7496909
A-10300-28029, 41.0050977, -73.7845768
A-10173-04865, 38.8159473, -76.7496909
A-10174-04976, 38.8159473, -76.7496909
A-10174-04979, 38.8159473, -76.7496909
A-10174-05048, 38.8159473, -76.7496909
A-10174-05075, 38.8159473, -76.7496909
A-10174-05090, 38.8159473, -76.7496909
A-10175-05176, 38.8159473, -76.7496909
A-10175-05239, 40.1933767, -85.3863599
A-10175-05377, 38.8159473, -76.7496909
A-10176-05529, 38.8159473, -76.7496909
A-10176-05583, 38.8159473, -76.7496909
A-10176-05613, 38.8159473, -76.7496909
A-10176-05622, 38.8159473, -76.7496909
A-10177-05665, 38.8159473, -76.7496909
A-10178-05694, 38.8159473, -76.7496909
A-10178-05695, 38.8159473, -76.7496909
A-10178-05706, 38.8159473, -76.7496909
A-10178-05717, 38.8159473, -76.7496909
A-10178-05724, 38.8159473, -76.7496909
A-10178-05726, 38.8159473, -76.7496909
A-10178-05737, 38.8159473, -76.7496909
A-10178-05738, 38.8159473, -76.7496909
A-10178-05740, 38.8159473, -76.7496909
A-10178-05745, 38.8159473, -76.7496909
A-10178-05747, 38.8159473, -76.7496909
A-10323-33262, 41.1456512, -73.8237456
A-10326-33551, 37.4852152, -122.2363548
A-10326-33625, 42.0039178, -87.9703461
A-10327-33738, 39.9936837, -81.7340168
A-10327-33787, 44.6496868, -93.24272
A-10327-33816, 40.8206555, -74.2937595
A-10328-34187, 47.6739882, -122.121512
A-10330-34316, 40.3487181, -74.6590472
A-10330-34332, 40.5792701, -74.4115401
A-10333-34473, 39.2403841, -76.8394184
A-10333-34481, 39.2403841, -76.8394184
A-10333-34524, 32.7153292, -117.1572551
A-10333-34549, 36.1658899, -86.7844432
A-10333-34551, 41.850033, -87.6500523
A-10333-34706, 36.1658899, -86.7844432
A-10333-34724, 36.1658899, -86.7844432
A-10333-34736, 38.8951118, -77.0363658
A-10350-39548, 40.76149276, -73.98143112
A-10334-34853, 40.7281575, -74.0776417
A-10334-34874, 43.7022928, -72.2895353
A-10334-34890, 43.7022928, -72.2895353
A-10335-35055, 42.9633599, -85.6680863
A-10335-35089, 39.0062204, -77.4285992
A-10246-17426, 40.7959335, -74.3148713
A-10335-35099, 40.8206555, -74.2937595
A-10335-35252, 41.5894753, -88.057837
A-10335-35365, 35.7114022, -109.5420492
A-10335-35413, 32.7153292, -117.1572551
A-10335-35416, 32.7830556, -96.8066667
A-10336-35509, 29.7632836, -95.3632715
A-10336-35564, 34.1008426, -117.7678355
A-10336-35581, 34.2694474, -118.781482
A-10336-35587, 32.7153292, -117.1572551
A-10336-35640, 34.0194543, -118.4911912
A-10337-35903, 41.850033, -87.6500523
A-10337-36094, 40.8075391, -91.1129233
A-10340-36452, 40.7526008, -73.6104058
A-10340-36542, 40.4504409, -74.479996
A-10340-36675, 32.7153292, -117.1572551
A-10340-36753, 41.850033, -87.6500523
A-10279-23849, 39.6837226, -75.7496572
A-10341-36923, 33.8920469, -84.2988126
A-10341-37122, 37.6624312, -121.8746789
A-10342-37216, 42.0333608, -88.0834059
A-10342-37226, 40.8206555, -74.2937595
A-10342-37410, 27.9658533, -82.8001026
A-10342-37413, 32.912624, -96.6388833
A-10342-37458, 40.76149276, -73.98143112
A-10343-37626, 41.5623209, -72.6506488
A-10343-37752, 39.6837226, -75.7496572
A-10343-37874, 38.5815719, -121.4943996
A-10343-37961, 35.0867577, -89.8100858
A-10344-38058, 32.2217429, -110.926479
A-10344-38301, 47.6739882, -122.121512
A-10347-38445, 47.6739882, -122.121512
A-10347-38463, 33.7489954, -84.3879824
A-10347-38553, 38.9806658, -77.100256
A-10178-05749, 38.8159473, -76.7496909
A-10178-05750, 38.8159473, -76.7496909
A-10179-05808, 38.8159473, -76.7496909
A-10179-05883, 38.8159473, -76.7496909
A-10179-05904, 38.8159473, -76.7496909
A-10179-05909, 38.8159473, -76.7496909
A-10179-06006, 38.8159473, -76.7496909
A-10300-28007, 33.8981579, -84.2832564
A-10179-06018, 38.8159473, -76.7496909
A-10180-06045, 40.2070573, -74.0812506
A-10180-06061, 41.850033, -87.6500523
A-10180-06111, 38.8159473, -76.7496909
A-10180-06118, 38.8159473, -76.7496909
A-10180-06140, 38.8159473, -76.7496909
A-10180-06246, 38.8159473, -76.7496909
A-10180-06258, 38.8159473, -76.7496909
A-10180-06271, 38.9695545, -77.3860976
A-10180-06273, 38.8159473, -76.7496909
A-10180-06327, 38.8159473, -76.7496909
A-10180-06351, 38.8159473, -76.7496909
A-10181-06356, 38.8159473, -76.7496909
A-10181-06359, 38.8159473, -76.7496909
A-10181-06419, 38.8159473, -76.7496909
A-10181-06425, 38.8159473, -76.7496909
A-10181-06434, 38.8159473, -76.7496909
A-10181-06442, 38.8159473, -76.7496909
A-10181-06445, 38.8159473, -76.7496909
A-10181-06452, 38.8159473, -76.7496909
A-10181-06460, 38.8159473, -76.7496909
A-10181-06482, 38.8159473, -76.7496909
A-10181-06533, 38.8159473, -76.7496909
A-10181-06549, 38.8159473, -76.7496909
A-10181-06550, 38.8159473, -76.7496909
A-10181-06554, 38.8159473, -76.7496909
A-10181-06569, 38.8159473, -76.7496909
A-10181-06578, 38.8159473, -76.7496909
A-10181-06611, 38.8159473, -76.7496909
A-10181-06628, 40.76149276, -73.98143112
A-10183-06970, 40.76149276, -73.98143112
A-10187-07219, 33.6189101, -117.9289469
A-10188-07408, 40.3334409, -74.6004341
A-10188-07409, 40.4667713, -74.6607144
A-10188-07414, 32.8140177, -96.9488945
A-10191-07880, 32.7153292, -117.1572551
A-10193-08105, 40.76149276, -73.98143112
A-10194-08153, 41.850033, -87.6500523
A-10194-08295, 42.1514146, -87.959794
A-10195-08421, 29.7632836, -95.3632715
A-10195-08476, 38.9392779, -76.9338631
A-10197-08845, 39.8403147, -88.9548001
A-10219-12547, 31.5545394, -110.3036912
A-10197-08861, 39.952335, -75.163789
A-10197-08906, 32.2217429, -110.926479
A-10197-08947, 42.3714253, -83.4702132
A-10197-08991, 46.6020711, -120.5058987
A-10200-09144, 40.76149276, -73.98143112
A-10200-09287, 32.4487364, -99.7331439
A-10201-09316, 40.76149276, -73.98143112
A-10202-09659, 42.3317642, -71.1211635
A-10208-10501, 32.7189926, -102.6449101
A-10210-11021, 41.850033, -87.6500523
A-10210-11082, 33.7455731, -117.8678338
A-10210-11087, 40.7439906, -74.0323626
A-10213-11316, 37.4418834, -122.1430195
A-10214-11351, 41.850033, -87.6500523
A-10214-11372, 41.850033, -87.6500523
A-10214-11428, 33.3528264, -111.789027
A-10214-11442, 41.0762077, -73.8587461
A-10215-11552, 27.9658533, -82.8001026
A-10215-11607, 33.7489954, -84.3879824
A-10217-12067, 40.65009286, -73.94956366
A-10217-12184, 37.4418834, -122.1430195
A-10218-12388, 37.7249296, -122.1560768
A-11263-07017, 33.6694649, -117.8231107
A-10221-12681, 32.7830556, -96.8066667
A-10224-13371, 41.9667656, -71.4328363
A-10225-13591, 40.3487181, -74.6590472
A-10229-14049, 30.267153, -97.7430608
A-10229-14137, 32.7830556, -96.8066667
A-10229-14163, 43.0389025, -87.9064736
A-10230-14381, 43.5196288, -114.3153245
A-10230-14471, 46.8771863, -96.7898034
A-10230-14514, 40.76149276, -73.98143112
A-10231-14554, 40.76149276, -73.98143112
A-10235-15134, 40.7281575, -74.0776417
A-10236-15506, 34.2163937, -119.0376023
A-10237-15624, 33.5206608, -86.80249
A-10239-16070, 38.9981653, -77.2883157
A-10242-16391, 32.8383828, -116.9739167
A-10242-16478, 33.612523, -117.71283
A-10243-16620, 34.0007104, -81.0348144
A-10243-16647, 40.9628758, -74.1329208
A-10243-16729, 28.3644485, -82.6934343
A-10244-17017, 40.7281575, -74.0776417
A-10245-17302, 38.9517053, -92.3340724
A-10246-17492, 45.0105194, -93.4555093
A-10246-17531, 42.1900249, -87.9084039
A-10250-17703, 33.8658484, -118.0831212
A-10250-17722, 40.7281575, -74.0776417
A-10250-17823, 40.8531553, -74.1137537
A-10251-18039, 32.7153292, -117.1572551
A-10251-18155, 33.8314058, -118.2820165
A-10252-18263, 34.2783352, -119.2931676
A-10252-18366, 40.76149276, -73.98143112
A-10252-18393, 37.3229978, -122.0321823
A-10252-18466, 40.7607794, -111.8910474
A-10256-18902, 29.6516344, -82.3248262
A-10256-18927, 41.3692605, -73.9662504
A-10256-18958, 47.6062095, -122.3320708
A-10256-19010, 42.6425795, -73.742898
A-10256-19077, 33.5092103, -111.8990327
A-10256-19150, 37.5537575, -77.4602617
A-10257-19160, 40.7281575, -74.0776417
A-10257-19231, 26.7153425, -80.0533746
A-10257-19280, 39.0839973, -77.1527578
A-10258-19487, 32.912624, -96.6388833
A-10258-19534, 37.3229978, -122.0321823
A-10260-20057, 32.7153292, -117.1572551
A-10261-20265, 40.5431598, -74.3632049
A-10262-20293, 42.7653662, -71.467566
A-10263-20534, 34.1808392, -118.3089661
A-10264-20644, 37.665978, -77.5063739
A-10264-20806, 39.8403147, -88.9548001
A-10265-20955, 32.7830556, -96.8066667
A-10266-21206, 40.1462213, -74.7118264
A-10267-21451, 40.8206555, -74.2937595
A-10272-22225, 41.4994954, -81.6954088
A-10272-22278, 32.9481789, -96.7297206
A-10273-22515, 33.3061605, -111.8412502
A-10273-22662, 29.7632836, -95.3632715
A-10273-22707, 33.7877945, -117.8531119
A-10273-22721, 41.0464858, -73.9495818
A-10274-22884, 42.0028761, -71.5147839
A-10277-23105, 34.09751, -117.6483876
A-10277-23142, 41.4994954, -81.6954088
A-10277-23221, 32.7830556, -96.8066667
A-10278-23309, 32.7153292, -117.1572551
A-10278-23426, 42.0028761, -71.5147839
A-10279-23791, 33.8752935, -117.5664384
A-10284-24467, 39.0437192, -77.4874899
A-10285-24682, 40.76149276, -73.98143112
A-10287-25299, 32.7830556, -96.8066667
A-10287-25328, 39.0839973, -77.1527578
A-10288-25555, 37.3021633, -120.4829677
A-10291-25867, 40.76149276, -73.98143112
A-10291-25888, 38.5676202, -77.3280382
A-10292-26172, 40.7281575, -74.0776417
A-10292-26203, 39.2903848, -76.6121893
A-10292-26215, 40.9978773, -72.2925819
A-10293-26400, 40.76149276, -73.98143112
A-10293-26554, 39.0839973, -77.1527578
A-10293-26558, 41.9750288, -88.0072909
A-10294-26785, 39.9356016, -91.4098727
A-10294-26937, 32.7667955, -96.5991593
A-10298-27281, 41.394817, -73.4540111
A-10299-27779, 32.7153292, -117.1572551
A-10300-27822, 42.2708716, -83.7263294
A-10300-27836, 38.9806658, -77.100256
A-10300-27862, 47.6062095, -122.3320708
A-10300-27944, 47.6062095, -122.3320708
A-10300-27957, 39.4562099, -77.9638869
A-10300-28030, 33.4483771, -112.0740373
A-10301-28209, 42.6055893, -83.1499304
A-10301-28373, 34.0514898, -84.0712997
A-10302-28644, 40.3487181, -74.6590472
A-10302-28660, 40.76149276, -73.98143112
A-10302-28665, 37.5311901, -84.6618876
A-10305-28945, 32.7830556, -96.8066667
A-10305-28960, 40.2473291, -75.2437854
A-10305-28977, 32.7830556, -96.8066667
A-10305-28981, 43.0249592, -108.3801036
A-10305-28988, 33.9412127, -84.2135309
A-10305-29103, 47.6062095, -122.3320708
A-10306-29255, 34.0514898, -84.0712997
A-10306-29262, 41.0339862, -73.7629097
A-10306-29358, 42.3753677, -72.519254
A-10307-29484, 40.0992294, -83.1140771
A-10307-29513, 29.9546482, -90.075072
A-10307-29706, 33.0198431, -96.6988856
A-10308-29971, 32.7153292, -117.1572551
A-10308-30008, 47.6739882, -122.121512
A-10309-30142, 32.7830556, -96.8066667
A-10309-30217, 42.2792625, -71.416172
A-10312-30693, 32.7153292, -117.1572551
A-10313-30781, 40.7959335, -74.3148713
A-10313-30833, 42.0333608, -88.0834059
A-10313-30882, 40.8206555, -74.2937595
A-10313-30985, 40.718712, -74.569324
A-10313-31059, 43.0389025, -87.9064736
A-10313-31067, 33.7489954, -84.3879824
A-10314-31111, 42.8864468, -78.8783689
A-10314-31302, 39.6172101, -104.9508141
A-10314-31396, 33.9472359, -118.0853451
A-10315-31490, 37.3393857, -121.8949555
A-10315-31604, 38.8951118, -77.0363658
A-10316-31672, 40.41483, -74.2295891
A-10316-31770, 47.610377, -122.2006786
A-10316-31850, 40.7062122, -74.5493233
A-10317-31893, 27.9475216, -82.4584279
A-10320-32410, 32.7153292, -117.1572551
A-10321-32555, 26.3586885, -80.0830984
A-10321-32659, 39.8289369, -84.8902383
A-10321-32689, 40.3284403, -74.790718
A-10321-32714, 40.7281575, -74.0776417
A-10322-32885, 42.283431, -71.2328329
A-10322-32975, 39.165325, -86.5263857
A-10323-33155, 40.4992714, -74.3990392
A-10347-38598, 33.6694649, -117.8231107
A-10347-38602, 32.7153292, -117.1572551
A-10347-38615, 42.1428521, -77.0546903
A-10347-38624, 42.3317642, -71.1211635
A-10347-38647, 42.09975, -87.7808967
A-10347-38727, 40.76149276, -73.98143112
A-10347-38742, 32.7153292, -117.1572551
A-10348-38870, 38.9806658, -77.100256
A-10348-39028, 47.6739882, -122.121512
A-10348-39095, 32.7153292, -117.1572551
A-10349-39210, 40.8206555, -74.2937595
A-10349-39214, 30.1896756, -82.6392899
A-10349-39221, 40.76149276, -73.98143112
A-10357-41619, 42.6334247, -71.3161718
A-10349-39251, 41.7014912, -71.1550451
A-10349-39400, 41.6639383, -83.555212
A-10349-39409, 47.6062095, -122.3320708
A-10349-39432, 34.7464809, -92.2895948
A-10350-39680, 35.7212689, -77.9155395
A-10350-39809, 47.6739882, -122.121512
A-10350-39868, 33.9412127, -84.2135309
A-10351-40044, 38.882334, -77.1710914
A-10351-40048, 43.0481221, -76.1474244
A-10353-40349, 40.4438733, -74.5431961
A-10354-40420, 47.6739882, -122.121512
A-10354-40437, 40.8206555, -74.2937595
A-10354-40603, 33.0198431, -96.6988856
A-10354-40631, 40.5187154, -74.4120953
A-10354-40665, 39.0167275, -84.6007773
A-10355-40748, 47.6739882, -122.121512
A-10355-40883, 40.8206555, -74.2937595
A-10355-41000, 47.6739882, -122.121512
A-10355-41053, 32.7153292, -117.1572551
A-10356-41131, 33.4936391, -117.1483648
A-10356-41133, 40.8206555, -74.2937595
A-10356-41139, 25.9564812, -80.1392121
A-10356-41219, 43.0967495, -71.4650684
A-10356-41260, 40.76149276, -73.98143112
A-10361-41989, 47.6739882, -122.121512
A-10362-42054, 40.5753817, -74.3223703
A-10362-42057, 47.6739882, -122.121512
A-10362-42080, 40.5792701, -74.4115401
A-10362-42208, 33.414768, -111.9093095
A-10362-42248, 38.81144, -90.8529107
A-10362-42266, 47.6739882, -122.121512
A-10363-42352, 42.263079, -88.0039653
A-10363-42516, 32.7153292, -117.1572551
A-10363-42582, 47.6739882, -122.121512
A-10364-42668, 42.734534, -71.3245067
A-10364-42676, 40.8206555, -74.2937595
A-10364-42711, 40.76149276, -73.98143112
A-10364-42819, 47.6739882, -122.121512
A-10365-42900, 42.3584308, -71.0597732
A-10365-42927, 42.0039178, -87.9703461
A-10365-42937, 27.9475216, -82.4584279
A-11003-43155, 32.7153292, -117.1572551
A-11003-43197, 40.0448306, -75.4388053
A-11003-43219, 41.9353084, -87.865618
A-11003-43289, 34.0522342, -118.2436849
A-11004-43392, 40.8206555, -74.2937595
A-11004-43496, 40.8206555, -74.2937595
A-11004-43497, 42.3667625, -71.3031132
A-11004-43501, 25.7742658, -80.1936589
A-11004-43518, 40.76149276, -73.98143112
A-11004-43540, 39.7589478, -84.1916069
A-11004-43588, 39.9611755, -82.9987942
A-11005-43630, 40.76149276, -73.98143112
A-11005-43661, 30.3321838, -81.655651
A-11005-43735, 41.452819, -82.1823746
A-11005-43789, 38.8462236, -77.3063733
A-11005-43798, 37.3393857, -121.8949555
A-11005-43799, 47.6739882, -122.121512
A-11005-43895, 47.6739882, -122.121512
A-11005-43956, 47.6739882, -122.121512
A-11006-44020, 40.9253763, -74.2765368
A-11006-44026, 40.76149276, -73.98143112
A-11006-44043, 40.7281575, -74.0776417
A-11006-44170, 39.9611755, -82.9987942
A-11006-44254, 37.3229978, -122.0321823
A-11006-44314, 47.6739882, -122.121512
A-11007-44434, 39.732892, -75.1315651
A-11007-44460, 47.6739882, -122.121512
A-11007-44574, 32.9628233, -117.0358646
A-11008-44717, 27.9475216, -82.4584279
A-11008-44729, 27.9475216, -82.4584279
A-11009-44748, 27.9475216, -82.4584279
A-11010-44817, 41.7858629, -88.1472893
A-11011-45036, 40.4992714, -74.3990392
A-11011-45110, 40.8206555, -74.2937595
